date,platform,campaign_id,campaign_name,ad_group_id,ad_group_name,impressions,clicks,cost,conversions,fb_video_views,fb_engagement_rate,fb_reach,fb_frequency,google_conversion_value,google_ctr,google_avg_cpc,google_quality_score,google_search_impression_share,tt_video_views,tt_video_watch_25,tt_video_watch_50,tt_video_watch_75,tt_video_watch_100,tt_likes,tt_shares,tt_comments,calc_ctr,calc_cpc,calc_cpa,calc_conversion_rate
2024-01-01,Facebook,fb_1001,Brand_Awareness_Q1,fbset_2001,Broad_Audience_18-35,45623,892,127.5,12,8234,0.0195,38234,1.19,,,,,,,,,,,,,,0.019552,0.14,10.62,0.013453
2024-01-01,Facebook,fb_1002,Conversions_Retargeting,fbset_2002,Cart_Abandoners,12456,567,215.8,34,1234,0.0455,9876,1.26,,,,,,,,,,,,,,0.04552,0.38,6.35,0.059965
2024-01-01,Facebook,fb_1003,Traffic_Drive_Jan,fbset_2003,Lookalike_Purchasers,34567,1234,189.9,23,4567,0.0357,28934,1.19,,,,,,,,,,,,,,0.035699,0.15,8.26,0.018639
2024-01-01,Google,g_5001,Search_Brand_Terms,gad_6001,Brand_Exact,23456,1234,234.5,45,,,,,2250.0,0.0526,0.19,9,0.92,,,,,,,,,0.052609,0.19,5.21,0.036467
2024-01-01,Google,g_5002,Search_Generic_Terms,gad_6002,Product_Broad,45678,890,567.8,23,,,,,1150.0,0.0195,0.64,7,0.45,,,,,,,,,0.019484,0.64,24.69,0.025843
2024-01-01,Google,g_5003,Shopping_All_Products,gad_6003,Best_Sellers,67890,2345,423.6,67,,,,,3350.0,0.0345,0.18,8,0.67,,,,,,,,,0.034541,0.18,6.32,0.028571
2024-01-01,TikTok,tt_8001,Awareness_GenZ,ttad_9001,Dance_Challenge,234567,3456,456.7,34,,,,,,,,,,198234,156234,98234,67234,45234,8923,2345,567,0.014734,0.13,13.43,0.009838
2024-01-01,TikTok,tt_8002,Conversion_Focus,ttad_9002,Product_Demo,123456,2345,678.9,67,,,,,,,,,,89234,67234,45234,34234,23456,4567,1234,234,0.018995,0.29,10.13,0.028571
2024-01-01,TikTok,tt_8003,Traffic_Campaign,ttad_9003,Trending_Sounds,189234,2890,345.6,23,,,,,,,,,,145678,112345,89234,56789,34567,6789,1890,456,0.015272,0.12,15.03,0.007958
2024-01-02,Facebook,fb_1001,Brand_Awareness_Q1,fbset_2001,Broad_Audience_18-35,42345,823,118.2,10,7890,0.0194,36789,1.15,,,,,,,,,,,,,,0.019436,0.14,11.82,0.012151
2024-01-02,Facebook,fb_1002,Conversions_Retargeting,fbset_2002,Cart_Abandoners,13678,623,234.5,38,1456,0.0455,10234,1.34,,,,,,,,,,,,,,0.045548,0.38,6.17,0.060995
2024-01-02,Facebook,fb_1003,Traffic_Drive_Jan,fbset_2003,Lookalike_Purchasers,36789,1345,201.3,25,4890,0.0366,30123,1.22,,,,,,,,,,,,,,0.03656,0.15,8.05,0.018587
2024-01-02,Google,g_5001,Search_Brand_Terms,gad_6001,Brand_Exact,24567,1289,245.6,48,,,,,2400.0,0.0525,0.19,9,0.91,,,,,,,,,0.052469,0.19,5.12,0.037238
2024-01-02,Google,g_5002,Search_Generic_Terms,gad_6002,Product_Broad,43234,823,534.2,21,,,,,1050.0,0.019,0.65,7,0.44,,,,,,,,,0.019036,0.65,25.44,0.025516
2024-01-02,Google,g_5003,Shopping_All_Products,gad_6003,Best_Sellers,71234,2456,445.8,71,,,,,3550.0,0.0345,0.18,8,0.68,,,,,,,,,0.034478,0.18,6.28,0.028909
2024-01-02,TikTok,tt_8001,Awareness_GenZ,ttad_9001,Dance_Challenge,245678,3678,478.9,36,,,,,,,,,,207345,163456,102345,70234,47234,9234,2456,589,0.014971,0.13,13.3,0.009788
2024-01-02,TikTok,tt_8002,Conversion_Focus,ttad_9002,Product_Demo,134567,2567,712.3,71,,,,,,,,,,95678,71234,48234,36234,24567,4789,1345,245,0.019076,0.28,10.03,0.027659
2024-01-02,TikTok,tt_8003,Traffic_Campaign,ttad_9003,Trending_Sounds,198345,3012,361.2,25,,,,,,,,,,152345,117234,93234,59234,36234,7123,1967,478,0.015186,0.12,14.45,0.0083
2024-01-03,Facebook,fb_1001,Brand_Awareness_Q1,fbset_2001,Broad_Audience_18-35,48234,967,134.8,14,8901,0.0201,40123,1.2,,,,,,,,,,,,,,0.020048,0.14,9.63,0.014478
2024-01-03,Facebook,fb_1002,Conversions_Retargeting,fbset_2002,Cart_Abandoners,11234,489,198.7,31,1123,0.0435,8901,1.26,,,,,,,,,,,,,,0.043529,0.41,6.41,0.063395
2024-01-03,Facebook,fb_1003,Traffic_Drive_Jan,fbset_2003,Lookalike_Purchasers,38901,1456,213.4,28,5234,0.0375,31456,1.24,,,,,,,,,,,,,,0.037428,0.15,7.62,0.019231
2024-01-03,Google,g_5001,Search_Brand_Terms,gad_6001,Brand_Exact,22345,1123,213.4,42,,,,,2100.0,0.0503,0.19,9,0.93,,,,,,,,,0.050257,0.19,5.08,0.0374
2024-01-03,Google,g_5002,Search_Generic_Terms,gad_6002,Product_Broad,47890,967,623.5,25,,,,,1250.0,0.0202,0.64,6,0.43,,,,,,,,,0.020192,0.64,24.94,0.025853
2024-01-03,Google,g_5004,Display_Remarketing,gad_6004,Cart_Abandoners,123456,456,123.4,12,,,,,600.0,0.0037,0.27,7,0.35,,,,,,,,,0.003694,0.27,10.28,0.026316
2024-01-03,TikTok,tt_8001,Awareness_GenZ,ttad_9001,Dance_Challenge,223456,3234,434.5,32,,,,,,,,,,189234,148234,93234,63456,43234,8567,2234,534,0.014473,0.13,13.58,0.009895
2024-01-03,TikTok,tt_8002,Conversion_Focus,ttad_9002,Product_Demo,112345,2123,623.4,62,,,,,,,,,,82345,61234,41234,31234,21234,4234,1123,212,0.018897,0.29,10.05,0.029204
2024-01-03,TikTok,tt_8004,Influencer_Collab,ttad_9004,Creator_Partnership,345678,5678,890.1,89,,,,,,,,,,289234,234567,189234,134567,89234,15678,4567,1234,0.016426,0.16,10.0,0.015675
2024-01-04,Facebook,fb_1001,Brand_Awareness_Q1,fbset_2001,Broad_Audience_18-35,51234,1023,142.3,15,9234,0.02,42567,1.2,,,,,,,,,,,,,,0.019967,0.14,9.49,0.014663
2024-01-04,Facebook,fb_1002,Conversions_Retargeting,fbset_2002,Cart_Abandoners,14567,678,245.6,42,1567,0.0465,11234,1.3,,,,,,,,,,,,,,0.046544,0.36,5.85,0.061947
2024-01-04,Facebook,fb_1004,Video_Views_Campaign,fbset_2004,Video_Enthusiasts,67890,234,89.5,5,45678,0.0034,56789,1.2,,,,,,,,,,,,,,0.003447,0.38,17.9,0.021368
2024-01-04,Google,g_5001,Search_Brand_Terms,gad_6001,Brand_Exact,25678,1345,256.7,50,,,,,2500.0,0.0524,0.19,9,0.92,,,,,,,,,0.052379,0.19,5.13,0.037175
2024-01-04,Google,g_5003,Shopping_All_Products,gad_6003,Best_Sellers,69456,2234,412.3,65,,,,,3250.0,0.0322,0.18,8,0.66,,,,,,,,,0.032164,0.18,6.34,0.029096
2024-01-04,Google,g_5004,Display_Remarketing,gad_6004,Cart_Abandoners,134567,489,134.5,14,,,,,700.0,0.0036,0.28,7,0.36,,,,,,,,,0.003634,0.28,9.61,0.02863
2024-01-04,TikTok,tt_8001,Awareness_GenZ,ttad_9001,Dance_Challenge,256789,3890,512.3,39,,,,,,,,,,217456,170234,107234,72456,48456,9567,2567,612,0.015149,0.13,13.14,0.010026
2024-01-04,TikTok,tt_8003,Traffic_Campaign,ttad_9003,Trending_Sounds,201234,3123,374.5,26,,,,,,,,,,157890,121234,96234,61234,37456,7345,2034,489,0.015519,0.12,14.4,0.008325
2024-01-04,TikTok,tt_8004,Influencer_Collab,ttad_9004,Creator_Partnership,367890,6012,923.4,94,,,,,,,,,,301234,245678,196789,140234,93456,16234,4789,1289,0.016342,0.15,9.82,0.015635
2024-01-05,Facebook,fb_1001,Brand_Awareness_Q1,fbset_2001,Broad_Audience_18-35,46789,934,131.2,13,8567,0.02,39234,1.19,,,,,,,,,,,,,,0.019962,0.14,10.09,0.013919
2024-01-05,Facebook,fb_1002,Conversions_Retargeting,fbset_2002,Cart_Abandoners,12890,567,220.3,36,1345,0.044,10123,1.27,,,,,,,,,,,,,,0.043988,0.39,6.12,0.063492
2024-01-05,Facebook,fb_1004,Video_Views_Campaign,fbset_2004,Video_Enthusiasts,71234,256,94.8,6,48901,0.0036,59234,1.2,,,,,,,,,,,,,,0.003594,0.37,15.8,0.023438
2024-01-05,Google,g_5001,Search_Brand_Terms,gad_6001,Brand_Exact,23890,1234,234.9,46,,,,,2300.0,0.0517,0.19,9,0.91,,,,,,,,,0.051653,0.19,5.11,0.037277
2024-01-05,Google,g_5002,Search_Generic_Terms,gad_6002,Product_Broad,46234,912,589.3,24,,,,,1200.0,0.0197,0.65,7,0.45,,,,,,,,,0.019726,0.65,24.55,0.026316
2024-01-05,Google,g_5004,Display_Remarketing,gad_6004,Cart_Abandoners,128901,467,128.9,13,,,,,650.0,0.0036,0.28,7,0.34,,,,,,,,,0.003623,0.28,9.92,0.027837
2024-01-05,TikTok,tt_8001,Awareness_GenZ,ttad_9001,Dance_Challenge,234234,3467,460.2,35,,,,,,,,,,199234,156789,98789,67789,45456,8945,2367,578,0.014801,0.13,13.15,0.010095
2024-01-05,TikTok,tt_8002,Conversion_Focus,ttad_9002,Product_Demo,128901,2456,689.5,68,,,,,,,,,,91234,68234,45789,34567,23678,4678,1267,237,0.019053,0.28,10.14,0.027687
2024-01-05,TikTok,tt_8004,Influencer_Collab,ttad_9004,Creator_Partnership,356789,5834,901.2,91,,,,,,,,,,293456,239234,191234,136234,90234,15890,4634,1256,0.016351,0.15,9.9,0.015598
2024-01-06,Facebook,fb_1001,Brand_Awareness_Q1,fbset_2001,Broad_Audience_18-35,44567,878,125.6,11,8123,0.0197,37456,1.19,,,,,,,,,,,,,,0.019701,0.14,11.42,0.012528
2024-01-06,Facebook,fb_1003,Traffic_Drive_Jan,fbset_2003,Lookalike_Purchasers,35678,1289,195.6,24,4678,0.0361,29345,1.22,,,,,,,,,,,,,,0.036129,0.15,8.15,0.018619
2024-01-06,Facebook,fb_1004,Video_Views_Campaign,fbset_2004,Video_Enthusiasts,69456,245,91.2,5,47234,0.0035,57890,1.2,,,,,,,,,,,,,,0.003527,0.37,18.24,0.020408
2024-01-06,Google,g_5001,Search_Brand_Terms,gad_6001,Brand_Exact,24234,1267,241.2,47,,,,,2350.0,0.0523,0.19,9,0.92,,,,,,,,,0.052282,0.19,5.13,0.037096
2024-01-06,Google,g_5003,Shopping_All_Products,gad_6003,Best_Sellers,72345,2378,432.9,69,,,,,3450.0,0.0329,0.18,8,0.67,,,,,,,,,0.03287,0.18,6.27,0.029016
2024-01-06,Google,g_5004,Display_Remarketing,gad_6004,Cart_Abandoners,131234,478,132.4,13,,,,,650.0,0.0036,0.28,7,0.35,,,,,,,,,0.003642,0.28,10.18,0.027197
2024-01-06,TikTok,tt_8001,Awareness_GenZ,ttad_9001,Dance_Challenge,267890,3945,523.4,40,,,,,,,,,,221234,173456,109234,73567,49234,9789,2634,623,0.014726,0.13,13.08,0.010139
2024-01-06,TikTok,tt_8003,Traffic_Campaign,ttad_9003,Trending_Sounds,205678,3234,387.8,27,,,,,,,,,,162345,124567,98901,63234,38234,7567,2089,501,0.015724,0.12,14.36,0.008349
2024-01-06,TikTok,tt_8004,Influencer_Collab,ttad_9004,Creator_Partnership,378901,6123,945.6,96,,,,,,,,,,312345,251234,201234,143456,95234,16567,4823,1312,0.01616,0.15,9.85,0.015679
2024-01-07,Facebook,fb_1001,Brand_Awareness_Q1,fbset_2001,Broad_Audience_18-35,49876,1067,145.9,16,9567,0.0214,41234,1.21,,,,,,,,,,,,,,0.021393,0.14,9.12,0.014995
2024-01-07,Facebook,fb_1002,Conversions_Retargeting,fbset_2002,Cart_Abandoners,13456,623,237.8,40,1456,0.0463,10567,1.27,,,,,,,,,,,,,,0.046299,0.38,5.94,0.064205
2024-01-07,Facebook,fb_1003,Traffic_Drive_Jan,fbset_2003,Lookalike_Purchasers,37234,1367,207.9,27,5012,0.0367,30678,1.21,,,,,,,,,,,,,,0.036714,0.15,7.7,0.019751
2024-01-07,Google,g_5001,Search_Brand_Terms,gad_6001,Brand_Exact,26789,1456,278.9,54,,,,,2700.0,0.0544,0.19,9,0.93,,,,,,,,,0.054351,0.19,5.16,0.037088
2024-01-07,Google,g_5002,Search_Generic_Terms,gad_6002,Product_Broad,44567,878,567.2,22,,,,,1100.0,0.0197,0.65,6,0.44,,,,,,,,,0.019701,0.65,25.78,0.025057
2024-01-07,Google,g_5003,Shopping_All_Products,gad_6003,Best_Sellers,70234,2289,419.5,66,,,,,3300.0,0.0326,0.18,8,0.66,,,,,,,,,0.032591,0.18,6.36,0.028834
2024-01-07,TikTok,tt_8001,Awareness_GenZ,ttad_9001,Dance_Challenge,278901,4123,545.6,42,,,,,,,,,,229234,179234,112234,75678,50234,10123,2712,645,0.014783,0.13,12.99,0.010187
2024-01-07,TikTok,tt_8002,Conversion_Focus,ttad_9002,Product_Demo,138901,2678,734.5,73,,,,,,,,,,97890,72345,48901,36789,24890,4901,1356,256,0.01928,0.27,10.06,0.027259
2024-01-07,TikTok,tt_8003,Traffic_Campaign,ttad_9003,Trending_Sounds,212345,3345,401.1,28,,,,,,,,,,167890,128234,101234,65234,39456,7789,2145,512,0.015753,0.12,14.32,0.008371
2024-01-08,Facebook,fb_1001,Brand_Awareness_Q1,fbset_2001,Broad_Audience_18-35,47234,945,135.4,14,8789,0.02,39567,1.19,,,,,,,,,,,,,,0.020007,0.14,9.67,0.014815
2024-01-08,Facebook,fb_1002,Conversions_Retargeting,fbset_2002,Cart_Abandoners,12123,534,212.4,35,1234,0.0441,9567,1.27,,,,,,,,,,,,,,0.044049,0.4,6.07,0.065543
2024-01-08,Facebook,fb_1004,Video_Views_Campaign,fbset_2004,Video_Enthusiasts,73456,267,98.3,7,50123,0.0036,60234,1.22,,,,,,,,,,,,,,0.003635,0.37,14.04,0.026217
2024-01-08,Google,g_5001,Search_Brand_Terms,gad_6001,Brand_Exact,22567,1134,216.8,43,,,,,2150.0,0.0503,0.19,9,0.91,,,,,,,,,0.05025,0.19,5.04,0.037919
2024-01-08,Google,g_5002,Search_Generic_Terms,gad_6002,Product_Broad,48234,989,634.7,26,,,,,1300.0,0.0205,0.64,7,0.46,,,,,,,,,0.020504,0.64,24.41,0.026289
2024-01-08,Google,g_5004,Display_Remarketing,gad_6004,Cart_Abandoners,125678,445,121.3,11,,,,,550.0,0.0035,0.27,7,0.34,,,,,,,,,0.003541,0.27,11.03,0.024719
2024-01-08,TikTok,tt_8001,Awareness_GenZ,ttad_9001,Dance_Challenge,245234,3578,474.3,37,,,,,,,,,,203456,158901,99567,68234,45789,8978,2389,590,0.01459,0.13,12.82,0.010341
2024-01-08,TikTok,tt_8002,Conversion_Focus,ttad_9002,Product_Demo,119234,2234,645.6,64,,,,,,,,,,85678,63456,42345,32234,22234,4345,1189,223,0.018736,0.29,10.09,0.028648
2024-01-08,TikTok,tt_8004,Influencer_Collab,ttad_9004,Creator_Partnership,389012,6234,967.8,98,,,,,,,,,,321234,258901,207890,147234,97456,16901,4912,1345,0.016025,0.16,9.88,0.01572
2024-01-09,Facebook,fb_1001,Brand_Awareness_Q1,fbset_2001,Broad_Audience_18-35,50123,1012,141.7,15,9345,0.0202,41890,1.2,,,,,,,,,,,,,,0.02019,0.14,9.45,0.014822
2024-01-09,Facebook,fb_1003,Traffic_Drive_Jan,fbset_2003,Lookalike_Purchasers,36456,1312,199.8,26,4823,0.036,30234,1.21,,,,,,,,,,,,,,0.035989,0.15,7.68,0.019817
2024-01-09,Facebook,fb_1004,Video_Views_Campaign,fbset_2004,Video_Enthusiasts,70123,253,93.6,6,48234,0.0036,58456,1.2,,,,,,,,,,,,,,0.003608,0.37,15.6,0.023715
2024-01-09,Google,g_5001,Search_Brand_Terms,gad_6001,Brand_Exact,25234,1312,250.3,49,,,,,2450.0,0.052,0.19,9,0.92,,,,,,,,,0.051993,0.19,5.11,0.037348
2024-01-09,Google,g_5003,Shopping_All_Products,gad_6003,Best_Sellers,73456,2423,441.8,70,,,,,3500.0,0.033,0.18,8,0.68,,,,,,,,,0.032986,0.18,6.31,0.02889
2024-01-09,Google,g_5004,Display_Remarketing,gad_6004,Cart_Abandoners,129345,456,125.6,12,,,,,600.0,0.0035,0.28,7,0.35,,,,,,,,,0.003525,0.28,10.47,0.026316
2024-01-09,TikTok,tt_8001,Awareness_GenZ,ttad_9001,Dance_Challenge,289012,4234,556.7,43,,,,,,,,,,234567,182345,114567,77234,51234,10345,2789,656,0.01465,0.13,12.95,0.010156
2024-01-09,TikTok,tt_8003,Traffic_Campaign,ttad_9003,Trending_Sounds,218901,3456,414.4,29,,,,,,,,,,173456,131567,103567,67234,40567,8012,2201,523,0.015788,0.12,14.29,0.008391
2024-01-09,TikTok,tt_8004,Influencer_Collab,ttad_9004,Creator_Partnership,401234,6456,989.9,101,,,,,,,,,,332345,267890,214567,151234,99567,17234,5012,1378,0.01609,0.15,9.8,0.015644
2024-01-10,Facebook,fb_1001,Brand_Awareness_Q1,fbset_2001,Broad_Audience_18-35,48567,978,137.8,14,8945,0.0201,40456,1.2,,,,,,,,,,,,,,0.020137,0.14,9.84,0.014315
2024-01-10,Facebook,fb_1002,Conversions_Retargeting,fbset_2002,Cart_Abandoners,13789,645,241.2,41,1489,0.0468,10789,1.28,,,,,,,,,,,,,,0.046776,0.37,5.88,0.063566
2024-01-10,Facebook,fb_1003,Traffic_Drive_Jan,fbset_2003,Lookalike_Purchasers,38456,1423,217.5,29,5123,0.037,31234,1.23,,,,,,,,,,,,,,0.037003,0.15,7.5,0.020379
2024-01-10,Google,g_5001,Search_Brand_Terms,gad_6001,Brand_Exact,24678,1289,245.9,48,,,,,2400.0,0.0522,0.19,9,0.91,,,,,,,,,0.052233,0.19,5.12,0.037238
2024-01-10,Google,g_5002,Search_Generic_Terms,gad_6002,Product_Broad,45234,901,578.9,23,,,,,1150.0,0.0199,0.64,7,0.45,,,,,,,,,0.019919,0.64,25.17,0.025527
2024-01-10,Google,g_5003,Shopping_All_Products,gad_6003,Best_Sellers,68901,2267,414.2,64,,,,,3200.0,0.0329,0.18,8,0.67,,,,,,,,,0.032902,0.18,6.47,0.028231
2024-01-10,TikTok,tt_8001,Awareness_GenZ,ttad_9001,Dance_Challenge,256234,3701,490.5,38,,,,,,,,,,209234,163567,102567,69567,46567,9123,2423,601,0.014444,0.13,12.91,0.010267
2024-01-10,TikTok,tt_8002,Conversion_Focus,ttad_9002,Product_Demo,145678,2789,756.7,76,,,,,,,,,,101234,74567,50234,37890,25234,5012,1423,267,0.019145,0.27,9.96,0.02725
2024-01-10,TikTok,tt_8003,Traffic_Campaign,ttad_9003,Trending_Sounds,223456,3567,427.7,30,,,,,,,,,,178901,135234,106789,69234,41789,8234,2267,534,0.015963,0.12,14.26,0.00841
2024-01-11,Facebook,fb_1001,Brand_Awareness_Q1,fbset_2001,Broad_Audience_18-35,52123,1089,148.6,17,9567,0.0209,43234,1.21,,,,,,,,,,,,,,0.020893,0.14,8.74,0.015611
2024-01-11,Facebook,fb_1002,Conversions_Retargeting,fbset_2002,Cart_Abandoners,14567,723,256.4,44,1612,0.0496,11456,1.27,,,,,,,,,,,,,,0.049633,0.35,5.83,0.060858
2024-01-11,Facebook,fb_1003,Traffic_Drive_Jan,fbset_2003,Lookalike_Purchasers,39789,1534,225.8,31,5456,0.0386,32567,1.22,,,,,,,,,,,,,,0.038553,0.15,7.28,0.020209
2024-01-11,Facebook,fb_1004,Video_Views_Campaign,fbset_2004,Video_Enthusiasts,76234,278,101.5,8,52345,0.0037,62456,1.22,,,,,,,,,,,,,,0.003647,0.37,12.69,0.028777
2024-01-11,Google,g_5001,Search_Brand_Terms,gad_6001,Brand_Exact,26234,1378,263.4,52,,,,,2600.0,0.0525,0.19,9,0.92,,,,,,,,,0.052527,0.19,5.07,0.037736
2024-01-11,Google,g_5002,Search_Generic_Terms,gad_6002,Product_Broad,47890,934,612.5,26,,,,,1300.0,0.0195,0.66,7,0.46,,,,,,,,,0.019503,0.66,23.56,0.027837
2024-01-11,Google,g_5003,Shopping_All_Products,gad_6003,Best_Sellers,71234,2456,445.8,71,,,,,3550.0,0.0345,0.18,8,0.68,,,,,,,,,0.034478,0.18,6.28,0.028909
2024-01-11,Google,g_5004,Display_Remarketing,gad_6004,Cart_Abandoners,136789,512,142.3,15,,,,,750.0,0.0037,0.28,7,0.36,,,,,,,,,0.003743,0.28,9.49,0.029297
2024-01-11,TikTok,tt_8001,Awareness_GenZ,ttad_9001,Dance_Challenge,278901,4123,523.6,42,,,,,,,,,,234567,182345,114567,77234,51234,10345,2789,656,0.014783,0.13,12.47,0.010187
2024-01-11,TikTok,tt_8002,Conversion_Focus,ttad_9002,Product_Demo,156789,3012,812.3,82,,,,,,,,,,109876,81234,54678,41234,27567,5456,1567,289,0.019211,0.27,9.91,0.027224
2024-01-11,TikTok,tt_8003,Traffic_Campaign,ttad_9003,Trending_Sounds,234567,3789,456.8,33,,,,,,,,,,189234,143567,113456,73456,44567,8789,2434,567,0.016153,0.12,13.84,0.008709
2024-01-11,TikTok,tt_8004,Influencer_Collab,ttad_9004,Creator_Partnership,412345,6789,1023.4,103,,,,,,,,,,345678,278901,223456,159234,105678,18234,5234,1456,0.016464,0.15,9.94,0.015172
2024-01-12,Facebook,fb_1001,Brand_Awareness_Q1,fbset_2001,Broad_Audience_18-35,49234,1012,140.3,15,9123,0.0206,41567,1.18,,,,,,,,,,,,,,0.020555,0.14,9.35,0.014822
2024-01-12,Facebook,fb_1002,Conversions_Retargeting,fbset_2002,Cart_Abandoners,13456,634,239.7,39,1378,0.0471,10567,1.27,,,,,,,,,,,,,,0.047117,0.38,6.15,0.061514
2024-01-12,Facebook,fb_1003,Traffic_Drive_Jan,fbset_2003,Lookalike_Purchasers,37890,1398,212.4,28,5012,0.0369,30890,1.23,,,,,,,,,,,,,,0.036896,0.15,7.59,0.020029
2024-01-12,Facebook,fb_1004,Video_Views_Campaign,fbset_2004,Video_Enthusiasts,72890,261,96.8,7,49567,0.0036,59123,1.23,,,,,,,,,,,,,,0.003581,0.37,13.83,0.02682
2024-01-12,Google,g_5001,Search_Brand_Terms,gad_6001,Brand_Exact,25123,1312,250.4,49,,,,,2450.0,0.0522,0.19,9,0.91,,,,,,,,,0.052223,0.19,5.11,0.037348
2024-01-12,Google,g_5002,Search_Generic_Terms,gad_6002,Product_Broad,46567,912,596.7,24,,,,,1200.0,0.0196,0.65,7,0.45,,,,,,,,,0.019585,0.65,24.86,0.026316
2024-01-12,Google,g_5003,Shopping_All_Products,gad_6003,Best_Sellers,69890,2334,428.9,66,,,,,3300.0,0.0334,0.18,8,0.67,,,,,,,,,0.033395,0.18,6.5,0.028278
2024-01-12,Google,g_5004,Display_Remarketing,gad_6004,Cart_Abandoners,133456,489,131.2,14,,,,,700.0,0.0037,0.27,7,0.35,,,,,,,,,0.003664,0.27,9.37,0.02863
2024-01-12,TikTok,tt_8001,Awareness_GenZ,ttad_9001,Dance_Challenge,267890,3945,501.2,40,,,,,,,,,,221234,173456,109234,73567,49234,9789,2634,623,0.014726,0.13,12.53,0.010139
2024-01-12,TikTok,tt_8002,Conversion_Focus,ttad_9002,Product_Demo,148901,2834,767.5,77,,,,,,,,,,103456,76234,51234,38567,25789,5123,1456,278,0.019033,0.27,9.97,0.02717
2024-01-12,TikTok,tt_8003,Traffic_Campaign,ttad_9003,Trending_Sounds,228901,3634,441.9,31,,,,,,,,,,182345,137890,108901,70567,42789,8456,2301,545,0.015876,0.12,14.25,0.008531
2024-01-12,TikTok,tt_8004,Influencer_Collab,ttad_9004,Creator_Partnership,398567,6534,998.7,98,,,,,,,,,,332345,267890,214567,151234,99567,17756,5012,1389,0.016394,0.15,10.19,0.014998
2024-01-13,Facebook,fb_1001,Brand_Awareness_Q1,fbset_2001,Broad_Audience_18-35,42345,856,121.5,12,7890,0.0202,35678,1.19,,,,,,,,,,,,,,0.020215,0.14,10.12,0.014019
2024-01-13,Facebook,fb_1002,Conversions_Retargeting,fbset_2002,Cart_Abandoners,11234,523,198.6,32,1123,0.0466,8901,1.27,,,,,,,,,,,,,,0.046555,0.38,6.21,0.061185
2024-01-13,Facebook,fb_1003,Traffic_Drive_Jan,fbset_2003,Lookalike_Purchasers,33456,1203,185.3,23,4234,0.036,27890,1.2,,,,,,,,,,,,,,0.035958,0.15,8.06,0.019119
2024-01-13,Facebook,fb_1004,Video_Views_Campaign,fbset_2004,Video_Enthusiasts,64567,238,83.4,5,43234,0.0037,52890,1.22,,,,,,,,,,,,,,0.003686,0.35,16.68,0.021008
2024-01-13,Google,g_5001,Search_Brand_Terms,gad_6001,Brand_Exact,22456,1156,220.4,43,,,,,2150.0,0.0515,0.19,9,0.9,,,,,,,,,0.051478,0.19,5.13,0.037197
2024-01-13,Google,g_5002,Search_Generic_Terms,gad_6002,Product_Broad,41234,823,528.9,21,,,,,1050.0,0.02,0.64,6,0.43,,,,,,,,,0.019959,0.64,25.19,0.025516
2024-01-13,Google,g_5003,Shopping_All_Products,gad_6003,Best_Sellers,63456,2089,382.6,60,,,,,3000.0,0.0329,0.18,8,0.65,,,,,,,,,0.03292,0.18,6.38,0.028722
2024-01-13,Google,g_5004,Display_Remarketing,gad_6004,Cart_Abandoners,119234,434,116.8,12,,,,,600.0,0.0036,0.27,7,0.33,,,,,,,,,0.00364,0.27,9.73,0.02765
2024-01-13,TikTok,tt_8001,Awareness_GenZ,ttad_9001,Dance_Challenge,234567,3456,456.7,34,,,,,,,,,,198234,156234,98234,67234,45234,8923,2345,567,0.014734,0.13,13.43,0.009838
2024-01-13,TikTok,tt_8002,Conversion_Focus,ttad_9002,Product_Demo,134567,2567,712.3,71,,,,,,,,,,95678,71234,48234,36234,24567,4789,1345,245,0.019076,0.28,10.03,0.027659
2024-01-13,TikTok,tt_8003,Traffic_Campaign,ttad_9003,Trending_Sounds,201234,3123,374.5,26,,,,,,,,,,157890,121234,96234,61234,37456,7345,2034,489,0.015519,0.12,14.4,0.008325
2024-01-13,TikTok,tt_8004,Influencer_Collab,ttad_9004,Creator_Partnership,367890,6012,923.4,94,,,,,,,,,,301234,245678,196789,140234,93456,16234,4789,1289,0.016342,0.15,9.82,0.015635
2024-01-14,Facebook,fb_1001,Brand_Awareness_Q1,fbset_2001,Broad_Audience_18-35,40123,798,114.7,11,7345,0.0199,33456,1.2,,,,,,,,,,,,,,0.019889,0.14,10.43,0.013784
2024-01-14,Facebook,fb_1002,Conversions_Retargeting,fbset_2002,Cart_Abandoners,10567,489,185.9,29,998,0.0463,8234,1.28,,,,,,,,,,,,,,0.046276,0.38,6.41,0.059305
2024-01-14,Facebook,fb_1003,Traffic_Drive_Jan,fbset_2003,Lookalike_Purchasers,31234,1123,173.8,21,3890,0.036,26123,1.2,,,,,,,,,,,,,,0.035954,0.15,8.28,0.0187
2024-01-14,Facebook,fb_1004,Video_Views_Campaign,fbset_2004,Video_Enthusiasts,61234,223,78.9,4,40567,0.0036,50123,1.22,,,,,,,,,,,,,,0.003642,0.35,19.73,0.017937
2024-01-14,Google,g_5001,Search_Brand_Terms,gad_6001,Brand_Exact,21234,1089,207.8,41,,,,,2050.0,0.0513,0.19,9,0.89,,,,,,,,,0.051286,0.19,5.07,0.037649
2024-01-14,Google,g_5002,Search_Generic_Terms,gad_6002,Product_Broad,39567,789,507.4,19,,,,,950.0,0.0199,0.64,6,0.42,,,,,,,,,0.019941,0.64,26.71,0.024081
2024-01-14,Google,g_5003,Shopping_All_Products,gad_6003,Best_Sellers,61890,2012,369.3,58,,,,,2900.0,0.0325,0.18,8,0.64,,,,,,,,,0.032509,0.18,6.37,0.028827
2024-01-14,Google,g_5004,Display_Remarketing,gad_6004,Cart_Abandoners,115678,412,113.4,11,,,,,550.0,0.0036,0.28,7,0.32,,,,,,,,,0.003562,0.28,10.31,0.026699
2024-01-14,TikTok,tt_8001,Awareness_GenZ,ttad_9001,Dance_Challenge,223456,3234,434.5,32,,,,,,,,,,189234,148234,93234,63456,43234,8567,2234,534,0.014473,0.13,13.58,0.009895
2024-01-14,TikTok,tt_8002,Conversion_Focus,ttad_9002,Product_Demo,128901,2456,689.5,68,,,,,,,,,,91234,68234,45789,34567,23678,4678,1267,237,0.019053,0.28,10.14,0.027687
2024-01-14,TikTok,tt_8003,Traffic_Campaign,ttad_9003,Trending_Sounds,195678,2989,361.2,25,,,,,,,,,,152345,117234,93234,59234,36234,7123,1967,478,0.015275,0.12,14.45,0.008364
2024-01-14,TikTok,tt_8004,Influencer_Collab,ttad_9004,Creator_Partnership,356789,5834,901.2,91,,,,,,,,,,293456,239234,191234,136234,90234,15890,4634,1256,0.016351,0.15,9.9,0.015598
2024-01-15,Facebook,fb_1001,Brand_Awareness_Q1,fbset_2001,Broad_Audience_18-35,46789,934,132.4,14,8567,0.02,39234,1.19,,,,,,,,,,,,,,0.019962,0.14,9.46,0.014989
2024-01-15,Facebook,fb_1002,Conversions_Retargeting,fbset_2002,Cart_Abandoners,12890,567,221.3,37,1345,0.044,10123,1.27,,,,,,,,,,,,,,0.043988,0.39,5.98,0.065256
2024-01-15,Facebook,fb_1003,Traffic_Drive_Jan,fbset_2003,Lookalike_Purchasers,35678,1289,196.6,25,4678,0.0361,29345,1.22,,,,,,,,,,,,,,0.036129,0.15,7.86,0.019395
2024-01-15,Facebook,fb_1004,Video_Views_Campaign,fbset_2004,Video_Enthusiasts,68456,248,87.6,6,46234,0.0036,56789,1.21,,,,,,,,,,,,,,0.003623,0.35,14.6,0.024194
2024-01-15,Google,g_5001,Search_Brand_Terms,gad_6001,Brand_Exact,23890,1234,235.6,46,,,,,2300.0,0.0517,0.19,9,0.91,,,,,,,,,0.051653,0.19,5.12,0.037277
2024-01-15,Google,g_5002,Search_Generic_Terms,gad_6002,Product_Broad,43789,856,560.9,22,,,,,1100.0,0.0195,0.66,7,0.44,,,,,,,,,0.019548,0.66,25.5,0.025701
2024-01-15,Google,g_5003,Shopping_All_Products,gad_6003,Best_Sellers,67234,2234,411.7,65,,,,,3250.0,0.0332,0.18,8,0.66,,,,,,,,,0.033227,0.18,6.33,0.029096
2024-01-15,Google,g_5004,Display_Remarketing,gad_6004,Cart_Abandoners,128901,467,126.7,13,,,,,650.0,0.0036,0.27,7,0.34,,,,,,,,,0.003623,0.27,9.75,0.027837
2024-01-15,TikTok,tt_8001,Awareness_GenZ,ttad_9001,Dance_Challenge,246789,3678,478.9,36,,,,,,,,,,207345,163456,102345,70234,47234,9234,2456,589,0.014903,0.13,13.3,0.009788
2024-01-15,TikTok,tt_8002,Conversion_Focus,ttad_9002,Product_Demo,142345,2678,734.5,73,,,,,,,,,,97890,72345,48901,36789,24890,4901,1356,256,0.018813,0.27,10.06,0.027259
2024-01-15,TikTok,tt_8003,Traffic_Campaign,ttad_9003,Trending_Sounds,212345,3345,401.1,28,,,,,,,,,,167890,128234,101234,65234,39456,7789,2145,512,0.015753,0.12,14.32,0.008371
2024-01-15,TikTok,tt_8004,Influencer_Collab,ttad_9004,Creator_Partnership,378901,6123,945.6,96,,,,,,,,,,312345,251234,201234,143456,95234,16567,4823,1312,0.01616,0.15,9.85,0.015679
2024-01-16,Facebook,fb_1001,Brand_Awareness_Q1,fbset_2001,Broad_Audience_18-35,50234,1023,143.8,16,9234,0.0204,42345,1.19,,,,,,,,,,,,,,0.020365,0.14,8.99,0.01564
2024-01-16,Facebook,fb_1002,Conversions_Retargeting,fbset_2002,Cart_Abandoners,14234,678,248.5,42,1567,0.0477,11234,1.27,,,,,,,,,,,,,,0.047632,0.37,5.92,0.061947
2024-01-16,Facebook,fb_1003,Traffic_Drive_Jan,fbset_2003,Lookalike_Purchasers,38456,1423,218.7,30,5123,0.037,31234,1.23,,,,,,,,,,,,,,0.037003,0.15,7.29,0.021082
2024-01-16,Facebook,fb_1004,Video_Views_Campaign,fbset_2004,Video_Enthusiasts,73456,267,94.2,7,49890,0.0036,59567,1.24,,,,,,,,,,,,,,0.003635,0.35,13.46,0.026217
2024-01-16,Google,g_5001,Search_Brand_Terms,gad_6001,Brand_Exact,25456,1345,257.3,51,,,,,2550.0,0.0528,0.19,9,0.92,,,,,,,,,0.052836,0.19,5.05,0.037918
2024-01-16,Google,g_5002,Search_Generic_Terms,gad_6002,Product_Broad,45678,901,584.5,24,,,,,1200.0,0.0197,0.65,7,0.45,,,,,,,,,0.019725,0.65,24.35,0.026637
2024-01-16,Google,g_5003,Shopping_All_Products,gad_6003,Best_Sellers,70123,2378,435.8,69,,,,,3450.0,0.0339,0.18,8,0.67,,,,,,,,,0.033912,0.18,6.32,0.029016
2024-01-16,Google,g_5004,Display_Remarketing,gad_6004,Cart_Abandoners,132567,489,130.5,14,,,,,700.0,0.0037,0.27,7,0.35,,,,,,,,,0.003689,0.27,9.32,0.02863
2024-01-16,TikTok,tt_8001,Awareness_GenZ,ttad_9001,Dance_Challenge,289012,4234,556.7,43,,,,,,,,,,234567,182345,114567,77234,51234,10345,2789,656,0.01465,0.13,12.95,0.010156
2024-01-16,TikTok,tt_8002,Conversion_Focus,ttad_9002,Product_Demo,156789,3012,812.3,82,,,,,,,,,,109876,81234,54678,41234,27567,5456,1567,289,0.019211,0.27,9.91,0.027224
2024-01-16,TikTok,tt_8003,Traffic_Campaign,ttad_9003,Trending_Sounds,245678,3890,467.8,34,,,,,,,,,,195678,148234,117234,75234,45789,8567,2345,567,0.015834,0.12,13.76,0.00874
2024-01-16,TikTok,tt_8004,Influencer_Collab,ttad_9004,Creator_Partnership,423456,6890,1056.8,107,,,,,,,,,,356789,289234,231456,164567,109234,18890,5456,1489,0.016271,0.15,9.88,0.01553
2024-01-17,Facebook,fb_1001,Brand_Awareness_Q1,fbset_2001,Broad_Audience_18-35,51789,1089,152.3,18,9567,0.021,43567,1.19,,,,,,,,,,,,,,0.021028,0.14,8.46,0.016529
2024-01-17,Facebook,fb_1002,Conversions_Retargeting,fbset_2002,Cart_Abandoners,15234,734,264.7,46,1678,0.0482,12123,1.26,,,,,,,,,,,,,,0.048182,0.36,5.75,0.06267
2024-01-17,Facebook,fb_1003,Traffic_Drive_Jan,fbset_2003,Lookalike_Purchasers,40123,1534,232.8,33,5456,0.0382,32890,1.22,,,,,,,,,,,,,,0.038232,0.15,7.05,0.021512
2024-01-17,Facebook,fb_1004,Video_Views_Campaign,fbset_2004,Video_Enthusiasts,75890,278,98.5,8,51234,0.0037,61567,1.23,,,,,,,,,,,,,,0.003663,0.35,12.31,0.028777
2024-01-17,Google,g_5001,Search_Brand_Terms,gad_6001,Brand_Exact,26789,1456,278.9,54,,,,,2700.0,0.0544,0.19,9,0.93,,,,,,,,,0.054351,0.19,5.16,0.037088
2024-01-17,Google,g_5002,Search_Generic_Terms,gad_6002,Product_Broad,47234,967,605.6,25,,,,,1250.0,0.0205,0.63,7,0.46,,,,,,,,,0.020473,0.63,24.22,0.025853
2024-01-17,Google,g_5003,Shopping_All_Products,gad_6003,Best_Sellers,72456,2489,450.7,72,,,,,3600.0,0.0344,0.18,8,0.68,,,,,,,,,0.034352,0.18,6.26,0.028927
2024-01-17,Google,g_5004,Display_Remarketing,gad_6004,Cart_Abandoners,138901,534,136.4,15,,,,,750.0,0.0038,0.26,7,0.36,,,,,,,,,0.003844,0.26,9.09,0.02809
2024-01-17,TikTok,tt_8001,Awareness_GenZ,ttad_9001,Dance_Challenge,301234,4456,589.9,46,,,,,,,,,,245678,191234,119234,80234,53456,10789,2901,689,0.014792,0.13,12.82,0.010323
2024-01-17,TikTok,tt_8002,Conversion_Focus,ttad_9002,Product_Demo,167890,3234,845.6,85,,,,,,,,,,117890,87234,58901,44234,29567,5678,1634,312,0.019263,0.26,9.95,0.026283
2024-01-17,TikTok,tt_8003,Traffic_Campaign,ttad_9003,Trending_Sounds,256789,4012,489.2,36,,,,,,,,,,201234,152345,120456,77890,47234,8901,2456,589,0.015624,0.12,13.59,0.008973
2024-01-17,TikTok,tt_8004,Influencer_Collab,ttad_9004,Creator_Partnership,445678,7234,1123.5,113,,,,,,,,,,378901,304567,243456,172345,114567,19567,5678,1567,0.016231,0.16,9.94,0.015621
2024-01-18,Facebook,fb_1001,Brand_Awareness_Q1,fbset_2001,Broad_Audience_18-35,49567,1012,144.6,16,9123,0.0204,41890,1.18,,,,,,,,,,,,,,0.020417,0.14,9.04,0.01581
2024-01-18,Facebook,fb_1002,Conversions_Retargeting,fbset_2002,Cart_Abandoners,14567,689,253.4,43,1489,0.0473,11567,1.26,,,,,,,,,,,,,,0.047299,0.37,5.89,0.062409
2024-01-18,Facebook,fb_1003,Traffic_Drive_Jan,fbset_2003,Lookalike_Purchasers,38901,1456,224.5,31,5234,0.0374,31456,1.24,,,,,,,,,,,,,,0.037428,0.15,7.24,0.021291
2024-01-18,Facebook,fb_1004,Video_Views_Campaign,fbset_2004,Video_Enthusiasts,72345,261,92.7,7,48567,0.0036,58234,1.24,,,,,,,,,,,,,,0.003608,0.36,13.24,0.02682
2024-01-18,Google,g_5001,Search_Brand_Terms,gad_6001,Brand_Exact,25789,1389,265.2,52,,,,,2600.0,0.0538,0.19,9,0.92,,,,,,,,,0.05386,0.19,5.1,0.037437
2024-01-18,Google,g_5002,Search_Generic_Terms,gad_6002,Product_Broad,46123,923,590.3,24,,,,,1200.0,0.02,0.64,7,0.45,,,,,,,,,0.020012,0.64,24.6,0.026002
2024-01-18,Google,g_5003,Shopping_All_Products,gad_6003,Best_Sellers,71567,2412,442.3,70,,,,,3500.0,0.0337,0.18,8,0.68,,,,,,,,,0.033703,0.18,6.32,0.029022
2024-01-18,Google,g_5004,Display_Remarketing,gad_6004,Cart_Abandoners,135234,501,133.6,14,,,,,700.0,0.0037,0.27,7,0.35,,,,,,,,,0.003705,0.27,9.54,0.027944
2024-01-18,TikTok,tt_8001,Awareness_GenZ,ttad_9001,Dance_Challenge,290123,4189,567.8,44,,,,,,,,,,236789,184567,115678,78234,52345,10456,2812,678,0.014439,0.14,12.9,0.010504
2024-01-18,TikTok,tt_8002,Conversion_Focus,ttad_9002,Product_Demo,161234,3089,823.7,83,,,,,,,,,,113456,83567,56234,42345,28234,5523,1589,301,0.019158,0.27,9.92,0.02687
2024-01-18,TikTok,tt_8003,Traffic_Campaign,ttad_9003,Trending_Sounds,248901,3934,478.5,35,,,,,,,,,,195234,148901,117890,76234,46234,8734,2401,578,0.015805,0.12,13.67,0.008897
2024-01-18,TikTok,tt_8004,Influencer_Collab,ttad_9004,Creator_Partnership,434567,7012,1089.3,109,,,,,,,,,,367890,296234,237890,168234,111234,19234,5534,1523,0.016136,0.16,9.99,0.015545
2024-01-19,Facebook,fb_1001,Brand_Awareness_Q1,fbset_2001,Broad_Audience_18-35,47890,967,138.4,15,8789,0.0202,40234,1.19,,,,,,,,,,,,,,0.020192,0.14,9.23,0.015512
2024-01-19,Facebook,fb_1002,Conversions_Retargeting,fbset_2002,Cart_Abandoners,13890,634,235.8,40,1378,0.0457,10890,1.27,,,,,,,,,,,,,,0.045644,0.37,5.9,0.063091
2024-01-19,Facebook,fb_1003,Traffic_Drive_Jan,fbset_2003,Lookalike_Purchasers,37234,1367,209.9,28,5012,0.0367,30678,1.21,,,,,,,,,,,,,,0.036714,0.15,7.5,0.020483
2024-01-19,Facebook,fb_1004,Video_Views_Campaign,fbset_2004,Video_Enthusiasts,70123,253,89.4,6,47234,0.0036,57890,1.21,,,,,,,,,,,,,,0.003608,0.35,14.9,0.023715
2024-01-19,Google,g_5001,Search_Brand_Terms,gad_6001,Brand_Exact,24567,1289,246.8,48,,,,,2400.0,0.0525,0.19,9,0.91,,,,,,,,,0.052469,0.19,5.14,0.037238
2024-01-19,Google,g_5002,Search_Generic_Terms,gad_6002,Product_Broad,44890,890,574.7,23,,,,,1150.0,0.0198,0.65,7,0.44,,,,,,,,,0.019826,0.65,24.99,0.025843
2024-01-19,Google,g_5003,Shopping_All_Products,gad_6003,Best_Sellers,69234,2301,423.5,67,,,,,3350.0,0.0332,0.18,8,0.67,,,,,,,,,0.033235,0.18,6.32,0.029118
2024-01-19,Google,g_5004,Display_Remarketing,gad_6004,Cart_Abandoners,131567,478,129.4,13,,,,,650.0,0.0036,0.27,7,0.34,,,,,,,,,0.003633,0.27,9.95,0.027197
2024-01-19,TikTok,tt_8001,Awareness_GenZ,ttad_9001,Dance_Challenge,278901,4123,545.6,42,,,,,,,,,,229234,179234,112234,75678,50234,10123,2712,645,0.014783,0.13,12.99,0.010187
2024-01-19,TikTok,tt_8002,Conversion_Focus,ttad_9002,Product_Demo,153456,2945,789.2,79,,,,,,,,,,107890,79567,53678,40234,26890,5234,1456,278,0.019191,0.27,9.99,0.026825
2024-01-19,TikTok,tt_8003,Traffic_Campaign,ttad_9003,Trending_Sounds,236789,3734,456.8,33,,,,,,,,,,187890,142345,112345,72345,43789,8456,2267,545,0.015769,0.12,13.84,0.008838
2024-01-19,TikTok,tt_8004,Influencer_Collab,ttad_9004,Creator_Partnership,423456,6789,1034.5,104,,,,,,,,,,356789,287234,229234,162345,107890,18756,5345,1456,0.016032,0.15,9.95,0.015319
2024-01-20,Facebook,fb_1001,Brand_Awareness_Q1,fbset_2001,Broad_Audience_18-35,43234,878,125.7,13,7890,0.0203,36567,1.18,,,,,,,,,,,,,,0.020308,0.14,9.67,0.014806
2024-01-20,Facebook,fb_1002,Conversions_Retargeting,fbset_2002,Cart_Abandoners,11890,545,202.3,34,1156,0.0458,9567,1.28,,,,,,,,,,,,,,0.045837,0.37,5.95,0.062385
2024-01-20,Facebook,fb_1003,Traffic_Drive_Jan,fbset_2003,Lookalike_Purchasers,34567,1234,189.6,24,4567,0.0357,28934,1.19,,,,,,,,,,,,,,0.035699,0.15,7.9,0.019449
2024-01-20,Facebook,fb_1004,Video_Views_Campaign,fbset_2004,Video_Enthusiasts,65234,234,81.2,5,43567,0.0036,53456,1.19,,,,,,,,,,,,,,0.003587,0.35,16.24,0.021368
2024-01-20,Google,g_5001,Search_Brand_Terms,gad_6001,Brand_Exact,22345,1123,214.5,42,,,,,2100.0,0.0503,0.19,9,0.89,,,,,,,,,0.050257,0.19,5.11,0.0374
2024-01-20,Google,g_5002,Search_Generic_Terms,gad_6002,Product_Broad,40567,812,520.4,20,,,,,1000.0,0.02,0.64,6,0.42,,,,,,,,,0.020016,0.64,26.02,0.024631
2024-01-20,Google,g_5003,Shopping_All_Products,gad_6003,Best_Sellers,64890,2067,376.8,59,,,,,2950.0,0.0319,0.18,8,0.65,,,,,,,,,0.031854,0.18,6.39,0.028544
2024-01-20,Google,g_5004,Display_Remarketing,gad_6004,Cart_Abandoners,124567,445,122.3,12,,,,,600.0,0.0036,0.27,7,0.33,,,,,,,,,0.003572,0.27,10.19,0.026966
2024-01-20,TikTok,tt_8001,Awareness_GenZ,ttad_9001,Dance_Challenge,256234,3701,490.5,38,,,,,,,,,,209234,163567,102567,69567,46567,9123,2423,601,0.014444,0.13,12.91,0.010267
2024-01-20,TikTok,tt_8002,Conversion_Focus,ttad_9002,Product_Demo,142345,2678,734.5,73,,,,,,,,,,97890,72345,48901,36789,24890,4901,1356,256,0.018813,0.27,10.06,0.027259
2024-01-20,TikTok,tt_8003,Traffic_Campaign,ttad_9003,Trending_Sounds,218901,3456,414.4,29,,,,,,,,,,173456,131567,103567,67234,40567,8012,2201,523,0.015788,0.12,14.29,0.008391
2024-01-20,TikTok,tt_8004,Influencer_Collab,ttad_9004,Creator_Partnership,389012,6234,967.8,98,,,,,,,,,,321234,258901,207890,147234,97456,16901,4912,1345,0.016025,0.16,9.88,0.01572
2024-01-21,Facebook,fb_1001,Brand_Awareness_Q1,fbset_2001,Broad_Audience_18-35,41567,823,118.9,12,7456,0.0198,35123,1.18,,,,,,,,,,,,,,0.019799,0.14,9.91,0.014581
2024-01-21,Facebook,fb_1002,Conversions_Retargeting,fbset_2002,Cart_Abandoners,10234,467,178.4,30,945,0.0456,8456,1.21,,,,,,,,,,,,,,0.045632,0.38,5.95,0.06424
2024-01-21,Facebook,fb_1003,Traffic_Drive_Jan,fbset_2003,Lookalike_Purchasers,32890,1178,171.2,22,3789,0.0358,27234,1.21,,,,,,,,,,,,,,0.035816,0.15,7.78,0.018676
2024-01-21,Facebook,fb_1004,Video_Views_Campaign,fbset_2004,Video_Enthusiasts,62345,223,76.3,4,41234,0.0036,51567,1.2,,,,,,,,,,,,,,0.003577,0.34,19.08,0.017937
2024-01-21,Google,g_5001,Search_Brand_Terms,gad_6001,Brand_Exact,21567,1089,207.8,41,,,,,2050.0,0.0505,0.19,9,0.88,,,,,,,,,0.050494,0.19,5.07,0.037649
2024-01-21,Google,g_5002,Search_Generic_Terms,gad_6002,Product_Broad,38901,778,498.7,19,,,,,950.0,0.02,0.64,6,0.41,,,,,,,,,0.019999,0.64,26.25,0.024422
2024-01-21,Google,g_5003,Shopping_All_Products,gad_6003,Best_Sellers,62345,1989,365.4,57,,,,,2850.0,0.0319,0.18,8,0.63,,,,,,,,,0.031903,0.18,6.41,0.028658
2024-01-21,Google,g_5004,Display_Remarketing,gad_6004,Cart_Abandoners,118234,423,116.2,11,,,,,550.0,0.0036,0.27,7,0.32,,,,,,,,,0.003578,0.27,10.56,0.026005
2024-01-21,TikTok,tt_8001,Awareness_GenZ,ttad_9001,Dance_Challenge,234567,3456,445.7,34,,,,,,,,,,195234,153456,96234,65234,43567,8756,2234,534,0.014734,0.13,13.11,0.009838
2024-01-21,TikTok,tt_8002,Conversion_Focus,ttad_9002,Product_Demo,128901,2456,678.9,67,,,,,,,,,,89234,67234,45234,34234,23456,4567,1234,234,0.019053,0.28,10.13,0.02728
2024-01-21,TikTok,tt_8003,Traffic_Campaign,ttad_9003,Trending_Sounds,201234,3123,374.5,26,,,,,,,,,,157890,121234,96234,61234,37456,7345,2034,489,0.015519,0.12,14.4,0.008325
2024-01-21,TikTok,tt_8004,Influencer_Collab,ttad_9004,Creator_Partnership,367890,6012,923.4,94,,,,,,,,,,301234,245678,196789,140234,93456,16234,4789,1289,0.016342,0.15,9.82,0.015635
2024-01-22,Facebook,fb_1001,Brand_Awareness_Q1,fbset_2001,Broad_Audience_18-35,45234,912,129.8,14,8234,0.0202,38567,1.17,,,,,,,,,,,,,,0.020162,0.14,9.27,0.015351
2024-01-22,Facebook,fb_1002,Conversions_Retargeting,fbset_2002,Cart_Abandoners,12456,567,209.6,36,1234,0.0455,9876,1.26,,,,,,,,,,,,,,0.04552,0.37,5.82,0.063492
2024-01-22,Facebook,fb_1003,Traffic_Drive_Jan,fbset_2003,Lookalike_Purchasers,35123,1267,194.5,26,4345,0.0361,29123,1.21,,,,,,,,,,,,,,0.036073,0.15,7.48,0.020521
2024-01-22,Facebook,fb_1004,Video_Views_Campaign,fbset_2004,Video_Enthusiasts,66789,245,84.7,5,44567,0.0037,54890,1.22,,,,,,,,,,,,,,0.003668,0.35,16.94,0.020408
2024-01-22,Google,g_5001,Search_Brand_Terms,gad_6001,Brand_Exact,24234,1267,241.2,47,,,,,2350.0,0.0523,0.19,9,0.91,,,,,,,,,0.052282,0.19,5.13,0.037096
2024-01-22,Google,g_5002,Search_Generic_Terms,gad_6002,Product_Broad,42890,845,549.3,22,,,,,1100.0,0.0197,0.65,7,0.44,,,,,,,,,0.019702,0.65,24.97,0.026036
2024-01-22,Google,g_5003,Shopping_All_Products,gad_6003,Best_Sellers,66789,2223,407.9,64,,,,,3200.0,0.0333,0.18,8,0.66,,,,,,,,,0.033284,0.18,6.37,0.02879
2024-01-22,Google,g_5004,Display_Remarketing,gad_6004,Cart_Abandoners,127890,456,125.6,13,,,,,650.0,0.0036,0.28,7,0.34,,,,,,,,,0.003566,0.28,9.66,0.028509
2024-01-22,TikTok,tt_8001,Awareness_GenZ,ttad_9001,Dance_Challenge,267890,3945,523.4,40,,,,,,,,,,221234,173456,109234,73567,49234,9789,2634,623,0.014726,0.13,13.08,0.010139
2024-01-22,TikTok,tt_8002,Conversion_Focus,ttad_9002,Product_Demo,148901,2834,767.5,77,,,,,,,,,,103456,76234,51234,38567,25789,5123,1456,278,0.019033,0.27,9.97,0.02717
2024-01-22,TikTok,tt_8003,Traffic_Campaign,ttad_9003,Trending_Sounds,228901,3634,441.9,31,,,,,,,,,,182345,137890,108901,70567,42789,8456,2301,545,0.015876,0.12,14.25,0.008531
2024-01-22,TikTok,tt_8004,Influencer_Collab,ttad_9004,Creator_Partnership,398567,6534,998.7,98,,,,,,,,,,332345,267890,214567,151234,99567,17756,5012,1389,0.016394,0.15,10.19,0.014998
2024-01-23,Facebook,fb_1001,Brand_Awareness_Q1,fbset_2001,Broad_Audience_18-35,48567,989,140.3,15,8945,0.0204,40456,1.2,,,,,,,,,,,,,,0.020364,0.14,9.35,0.015167
2024-01-23,Facebook,fb_1002,Conversions_Retargeting,fbset_2002,Cart_Abandoners,13789,623,229.8,38,1489,0.0452,10789,1.28,,,,,,,,,,,,,,0.045181,0.37,6.05,0.060995
2024-01-23,Facebook,fb_1003,Traffic_Drive_Jan,fbset_2003,Lookalike_Purchasers,37456,1389,213.4,29,4890,0.0371,30567,1.22,,,,,,,,,,,,,,0.037084,0.15,7.36,0.020878
2024-01-23,Facebook,fb_1004,Video_Views_Campaign,fbset_2004,Video_Enthusiasts,71234,256,90.5,6,48123,0.0036,58567,1.22,,,,,,,,,,,,,,0.003594,0.35,15.08,0.023438
2024-01-23,Google,g_5001,Search_Brand_Terms,gad_6001,Brand_Exact,25678,1356,259.4,51,,,,,2550.0,0.0528,0.19,9,0.92,,,,,,,,,0.052808,0.19,5.09,0.037611
2024-01-23,Google,g_5002,Search_Generic_Terms,gad_6002,Product_Broad,45123,912,577.8,24,,,,,1200.0,0.0202,0.63,7,0.45,,,,,,,,,0.020211,0.63,24.08,0.026316
2024-01-23,Google,g_5003,Shopping_All_Products,gad_6003,Best_Sellers,70234,2389,432.6,69,,,,,3450.0,0.034,0.18,8,0.67,,,,,,,,,0.034015,0.18,6.27,0.028882
2024-01-23,Google,g_5004,Display_Remarketing,gad_6004,Cart_Abandoners,133456,489,131.2,14,,,,,700.0,0.0037,0.27,7,0.35,,,,,,,,,0.003664,0.27,9.37,0.02863
2024-01-23,TikTok,tt_8001,Awareness_GenZ,ttad_9001,Dance_Challenge,289012,4234,556.7,43,,,,,,,,,,234567,182345,114567,77234,51234,10345,2789,656,0.01465,0.13,12.95,0.010156
2024-01-23,TikTok,tt_8002,Conversion_Focus,ttad_9002,Product_Demo,156789,3012,812.3,82,,,,,,,,,,109876,81234,54678,41234,27567,5456,1567,289,0.019211,0.27,9.91,0.027224
2024-01-23,TikTok,tt_8003,Traffic_Campaign,ttad_9003,Trending_Sounds,245678,3890,467.8,34,,,,,,,,,,195678,148234,117234,75234,45789,8567,2345,567,0.015834,0.12,13.76,0.00874
2024-01-23,TikTok,tt_8004,Influencer_Collab,ttad_9004,Creator_Partnership,423456,6890,1056.8,107,,,,,,,,,,356789,289234,231456,164567,109234,18890,5456,1489,0.016271,0.15,9.88,0.01553
2024-01-24,Facebook,fb_1001,Brand_Awareness_Q1,fbset_2001,Broad_Audience_18-35,51234,1067,149.7,17,9234,0.0208,42567,1.2,,,,,,,,,,,,,,0.020826,0.14,8.81,0.015933
2024-01-24,Facebook,fb_1002,Conversions_Retargeting,fbset_2002,Cart_Abandoners,14890,712,251.6,43,1578,0.0478,11790,1.26,,,,,,,,,,,,,,0.047817,0.35,5.85,0.060393
2024-01-24,Facebook,fb_1003,Traffic_Drive_Jan,fbset_2003,Lookalike_Purchasers,39234,1489,227.9,32,5234,0.0379,32123,1.22,,,,,,,,,,,,,,0.037952,0.15,7.12,0.021491
2024-01-24,Facebook,fb_1004,Video_Views_Campaign,fbset_2004,Video_Enthusiasts,74567,267,95.8,7,50234,0.0036,60789,1.23,,,,,,,,,,,,,,0.003581,0.36,13.69,0.026217
2024-01-24,Google,g_5001,Search_Brand_Terms,gad_6001,Brand_Exact,27123,1434,274.3,55,,,,,2750.0,0.0529,0.19,9,0.93,,,,,,,,,0.05287,0.19,4.99,0.038354
2024-01-24,Google,g_5002,Search_Generic_Terms,gad_6002,Product_Broad,47890,978,613.5,26,,,,,1300.0,0.0204,0.63,7,0.46,,,,,,,,,0.020422,0.63,23.6,0.026585
2024-01-24,Google,g_5003,Shopping_All_Products,gad_6003,Best_Sellers,73456,2501,456.7,73,,,,,3650.0,0.034,0.18,8,0.69,,,,,,,,,0.034048,0.18,6.26,0.029188
2024-01-24,Google,g_5004,Display_Remarketing,gad_6004,Cart_Abandoners,139234,523,136.8,15,,,,,750.0,0.0038,0.26,7,0.36,,,,,,,,,0.003756,0.26,9.12,0.028681
2024-01-24,TikTok,tt_8001,Awareness_GenZ,ttad_9001,Dance_Challenge,312345,4567,623.4,48,,,,,,,,,,256789,200234,125678,84567,56234,11234,3012,723,0.014622,0.14,12.99,0.01051
2024-01-24,TikTok,tt_8002,Conversion_Focus,ttad_9002,Product_Demo,172345,3345,867.9,87,,,,,,,,,,123456,91234,61567,46234,30789,5890,1678,334,0.019409,0.26,9.98,0.026009
2024-01-24,TikTok,tt_8003,Traffic_Campaign,ttad_9003,Trending_Sounds,267890,4123,512.6,37,,,,,,,,,,212345,160234,126789,81234,49234,9123,2567,612,0.015391,0.12,13.85,0.008974
2024-01-24,TikTok,tt_8004,Influencer_Collab,ttad_9004,Creator_Partnership,456789,7456,1167.8,118,,,,,,,,,,389012,312345,249234,177890,118234,20234,5912,1623,0.016323,0.16,9.9,0.015826
2024-01-25,Facebook,fb_1001,Brand_Awareness_Q1,fbset_2001,Broad_Audience_18-35,52789,1123,156.4,18,9567,0.0213,43890,1.2,,,,,,,,,,,,,,0.021273,0.14,8.69,0.016028
2024-01-25,Facebook,fb_1002,Conversions_Retargeting,fbset_2002,Cart_Abandoners,15678,756,268.9,47,1678,0.0482,12345,1.27,,,,,,,,,,,,,,0.04822,0.36,5.72,0.062169
2024-01-25,Facebook,fb_1003,Traffic_Drive_Jan,fbset_2003,Lookalike_Purchasers,40567,1567,238.6,34,5456,0.0386,33234,1.22,,,,,,,,,,,,,,0.038627,0.15,7.02,0.021698
2024-01-25,Facebook,fb_1004,Video_Views_Campaign,fbset_2004,Video_Enthusiasts,76890,278,99.2,8,51567,0.0036,62890,1.23,,,,,,,,,,,,,,0.003616,0.36,12.4,0.028777
2024-01-25,Google,g_5001,Search_Brand_Terms,gad_6001,Brand_Exact,28234,1512,287.6,58,,,,,2900.0,0.0535,0.19,9,0.94,,,,,,,,,0.053552,0.19,4.96,0.03836
2024-01-25,Google,g_5002,Search_Generic_Terms,gad_6002,Product_Broad,49567,1012,634.2,27,,,,,1350.0,0.0204,0.63,7,0.47,,,,,,,,,0.020417,0.63,23.49,0.02668
2024-01-25,Google,g_5003,Shopping_All_Products,gad_6003,Best_Sellers,75234,2567,467.8,75,,,,,3750.0,0.0341,0.18,8,0.7,,,,,,,,,0.03412,0.18,6.24,0.029217
2024-01-25,Google,g_5004,Display_Remarketing,gad_6004,Cart_Abandoners,142345,545,139.9,16,,,,,800.0,0.0038,0.26,7,0.37,,,,,,,,,0.003829,0.26,8.74,0.029358
2024-01-25,TikTok,tt_8001,Awareness_GenZ,ttad_9001,Dance_Challenge,323456,4789,645.7,50,,,,,,,,,,267890,208901,131234,88234,58901,11567,3134,734,0.014806,0.13,12.91,0.010441
2024-01-25,TikTok,tt_8002,Conversion_Focus,ttad_9002,Product_Demo,178901,3456,889.5,89,,,,,,,,,,128901,95678,64567,48567,32345,6123,1734,345,0.019318,0.26,9.99,0.025752
2024-01-25,TikTok,tt_8003,Traffic_Campaign,ttad_9003,Trending_Sounds,278901,4234,534.2,39,,,,,,,,,,223456,168901,133456,85678,51789,9456,2634,623,0.015181,0.13,13.7,0.009211
2024-01-25,TikTok,tt_8004,Influencer_Collab,ttad_9004,Creator_Partnership,467890,7623,1189.4,120,,,,,,,,,,401234,323456,258901,184567,122345,20789,6034,1678,0.016292,0.16,9.91,0.015742
2024-01-26,Facebook,fb_1001,Brand_Awareness_Q1,fbset_2001,Broad_Audience_18-35,50123,1034,147.5,17,9123,0.0206,41890,1.2,,,,,,,,,,,,,,0.020629,0.14,8.68,0.016441
2024-01-26,Facebook,fb_1002,Conversions_Retargeting,fbset_2002,Cart_Abandoners,14234,689,254.7,44,1456,0.0484,11234,1.27,,,,,,,,,,,,,,0.048405,0.37,5.79,0.063861
2024-01-26,Facebook,fb_1003,Traffic_Drive_Jan,fbset_2003,Lookalike_Purchasers,38890,1445,231.2,32,5123,0.0372,31567,1.23,,,,,,,,,,,,,,0.037156,0.16,7.22,0.022145
2024-01-26,Facebook,fb_1004,Video_Views_Campaign,fbset_2004,Video_Enthusiasts,73456,261,94.6,7,49234,0.0036,59567,1.23,,,,,,,,,,,,,,0.003553,0.36,13.51,0.02682
2024-01-26,Google,g_5001,Search_Brand_Terms,gad_6001,Brand_Exact,26789,1378,263.4,53,,,,,2650.0,0.0515,0.19,9,0.92,,,,,,,,,0.051439,0.19,4.97,0.038462
2024-01-26,Google,g_5002,Search_Generic_Terms,gad_6002,Product_Broad,47234,945,605.6,25,,,,,1250.0,0.02,0.64,7,0.46,,,,,,,,,0.020007,0.64,24.22,0.026455
2024-01-26,Google,g_5003,Shopping_All_Products,gad_6003,Best_Sellers,72890,2434,450.2,71,,,,,3550.0,0.0334,0.18,8,0.69,,,,,,,,,0.033393,0.18,6.34,0.02917
2024-01-26,Google,g_5004,Display_Remarketing,gad_6004,Cart_Abandoners,138567,512,136.2,15,,,,,750.0,0.0037,0.27,7,0.36,,,,,,,,,0.003695,0.27,9.08,0.029297
2024-01-26,TikTok,tt_8001,Awareness_GenZ,ttad_9001,Dance_Challenge,301234,4456,589.9,46,,,,,,,,,,245678,191234,119234,80234,53456,10789,2901,689,0.014792,0.13,12.82,0.010323
2024-01-26,TikTok,tt_8002,Conversion_Focus,ttad_9002,Product_Demo,167890,3234,845.6,85,,,,,,,,,,117890,87234,58901,44234,29567,5678,1634,312,0.019263,0.26,9.95,0.026283
2024-01-26,TikTok,tt_8003,Traffic_Campaign,ttad_9003,Trending_Sounds,256789,4012,489.2,36,,,,,,,,,,201234,152345,120456,77890,47234,8901,2456,589,0.015624,0.12,13.59,0.008973
2024-01-26,TikTok,tt_8004,Influencer_Collab,ttad_9004,Creator_Partnership,445678,7234,1123.5,113,,,,,,,,,,378901,304567,243456,172345,114567,19567,5678,1567,0.016231,0.16,9.94,0.015621
2024-01-27,Facebook,fb_1001,Brand_Awareness_Q1,fbset_2001,Broad_Audience_18-35,46234,934,133.8,15,8456,0.0202,38890,1.19,,,,,,,,,,,,,,0.020202,0.14,8.92,0.01606
2024-01-27,Facebook,fb_1002,Conversions_Retargeting,fbset_2002,Cart_Abandoners,12567,567,209.4,36,1267,0.0451,9890,1.27,,,,,,,,,,,,,,0.045118,0.37,5.82,0.063492
2024-01-27,Facebook,fb_1003,Traffic_Drive_Jan,fbset_2003,Lookalike_Purchasers,35890,1289,197.8,27,4567,0.0359,29567,1.21,,,,,,,,,,,,,,0.035915,0.15,7.33,0.020946
2024-01-27,Facebook,fb_1004,Video_Views_Campaign,fbset_2004,Video_Enthusiasts,68234,245,85.9,5,45678,0.0036,55890,1.22,,,,,,,,,,,,,,0.003591,0.35,17.18,0.020408
2024-01-27,Google,g_5001,Search_Brand_Terms,gad_6001,Brand_Exact,25234,1312,250.3,49,,,,,2450.0,0.052,0.19,9,0.91,,,,,,,,,0.051993,0.19,5.11,0.037348
2024-01-27,Google,g_5002,Search_Generic_Terms,gad_6002,Product_Broad,45678,901,584.5,24,,,,,1200.0,0.0197,0.65,7,0.45,,,,,,,,,0.019725,0.65,24.35,0.026637
2024-01-27,Google,g_5003,Shopping_All_Products,gad_6003,Best_Sellers,70123,2356,431.2,68,,,,,3400.0,0.0336,0.18,8,0.68,,,,,,,,,0.033598,0.18,6.34,0.028862
2024-01-27,Google,g_5004,Display_Remarketing,gad_6004,Cart_Abandoners,134890,489,132.7,14,,,,,700.0,0.0036,0.27,7,0.35,,,,,,,,,0.003625,0.27,9.48,0.02863
2024-01-27,TikTok,tt_8001,Awareness_GenZ,ttad_9001,Dance_Challenge,278901,4123,545.6,42,,,,,,,,,,229234,179234,112234,75678,50234,10123,2712,645,0.014783,0.13,12.99,0.010187
2024-01-27,TikTok,tt_8002,Conversion_Focus,ttad_9002,Product_Demo,153456,2945,789.2,79,,,,,,,,,,107890,79567,53678,40234,26890,5234,1456,278,0.019191,0.27,9.99,0.026825
2024-01-27,TikTok,tt_8003,Traffic_Campaign,ttad_9003,Trending_Sounds,236789,3734,456.8,33,,,,,,,,,,187890,142345,112345,72345,43789,8456,2267,545,0.015769,0.12,13.84,0.008838
2024-01-27,TikTok,tt_8004,Influencer_Collab,ttad_9004,Creator_Partnership,423456,6789,1034.5,104,,,,,,,,,,356789,287234,229234,162345,107890,18756,5345,1456,0.016032,0.15,9.95,0.015319
2024-01-28,Facebook,fb_1001,Brand_Awareness_Q1,fbset_2001,Broad_Audience_18-35,44567,890,127.6,13,8123,0.02,37456,1.19,,,,,,,,,,,,,,0.01997,0.14,9.82,0.014607
2024-01-28,Facebook,fb_1002,Conversions_Retargeting,fbset_2002,Cart_Abandoners,11456,523,192.3,33,1089,0.0457,8967,1.28,,,,,,,,,,,,,,0.045653,0.37,5.83,0.063098
2024-01-28,Facebook,fb_1003,Traffic_Drive_Jan,fbset_2003,Lookalike_Purchasers,33567,1203,184.5,25,4123,0.0358,27890,1.2,,,,,,,,,,,,,,0.035839,0.15,7.38,0.020781
2024-01-28,Facebook,fb_1004,Video_Views_Campaign,fbset_2004,Video_Enthusiasts,65789,234,80.4,4,43890,0.0036,54123,1.21,,,,,,,,,,,,,,0.003557,0.34,20.1,0.017094
2024-01-28,Google,g_5001,Search_Brand_Terms,gad_6001,Brand_Exact,23567,1189,226.8,44,,,,,2200.0,0.0505,0.19,9,0.9,,,,,,,,,0.050452,0.19,5.15,0.037006
2024-01-28,Google,g_5002,Search_Generic_Terms,gad_6002,Product_Broad,42890,834,549.3,21,,,,,1050.0,0.0195,0.66,7,0.43,,,,,,,,,0.019445,0.66,26.16,0.02518
2024-01-28,Google,g_5003,Shopping_All_Products,gad_6003,Best_Sellers,66234,2167,395.8,61,,,,,3050.0,0.0327,0.18,8,0.66,,,,,,,,,0.032717,0.18,6.49,0.02815
2024-01-28,Google,g_5004,Display_Remarketing,gad_6004,Cart_Abandoners,127345,445,125.1,12,,,,,600.0,0.0035,0.28,7,0.33,,,,,,,,,0.003494,0.28,10.42,0.026966
2024-01-28,TikTok,tt_8001,Awareness_GenZ,ttad_9001,Dance_Challenge,267890,3945,501.2,40,,,,,,,,,,221234,173456,109234,73567,49234,9789,2634,623,0.014726,0.13,12.53,0.010139
2024-01-28,TikTok,tt_8002,Conversion_Focus,ttad_9002,Product_Demo,148901,2834,756.7,76,,,,,,,,,,101234,74567,50234,37890,25234,5012,1423,267,0.019033,0.27,9.96,0.026817
2024-01-28,TikTok,tt_8003,Traffic_Campaign,ttad_9003,Trending_Sounds,223456,3567,427.7,30,,,,,,,,,,178901,135234,106789,69234,41789,8234,2267,534,0.015963,0.12,14.26,0.00841
2024-01-28,TikTok,tt_8004,Influencer_Collab,ttad_9004,Creator_Partnership,401234,6456,989.9,101,,,,,,,,,,332345,267890,214567,151234,99567,17234,5012,1378,0.01609,0.15,9.8,0.015644
2024-01-29,Facebook,fb_1001,Brand_Awareness_Q1,fbset_2001,Broad_Audience_18-35,47890,967,138.4,15,8789,0.0202,40234,1.19,,,,,,,,,,,,,,0.020192,0.14,9.23,0.015512
2024-01-29,Facebook,fb_1002,Conversions_Retargeting,fbset_2002,Cart_Abandoners,13234,612,226.5,39,1345,0.0463,10456,1.27,,,,,,,,,,,,,,0.046245,0.37,5.81,0.063725
2024-01-29,Facebook,fb_1003,Traffic_Drive_Jan,fbset_2003,Lookalike_Purchasers,36234,1334,203.7,28,4678,0.0368,30123,1.2,,,,,,,,,,,,,,0.036816,0.15,7.28,0.02099
2024-01-29,Facebook,fb_1004,Video_Views_Campaign,fbset_2004,Video_Enthusiasts,69567,253,88.7,6,46890,0.0036,57123,1.22,,,,,,,,,,,,,,0.003637,0.35,14.78,0.023715
2024-01-29,Google,g_5001,Search_Brand_Terms,gad_6001,Brand_Exact,24890,1278,244.2,47,,,,,2350.0,0.0513,0.19,9,0.91,,,,,,,,,0.051346,0.19,5.2,0.036776
2024-01-29,Google,g_5002,Search_Generic_Terms,gad_6002,Product_Broad,44567,878,570.8,23,,,,,1150.0,0.0197,0.65,7,0.44,,,,,,,,,0.019701,0.65,24.82,0.026196
2024-01-29,Google,g_5003,Shopping_All_Products,gad_6003,Best_Sellers,68456,2289,419.5,66,,,,,3300.0,0.0334,0.18,8,0.67,,,,,,,,,0.033438,0.18,6.36,0.028834
2024-01-29,Google,g_5004,Display_Remarketing,gad_6004,Cart_Abandoners,131234,467,128.9,13,,,,,650.0,0.0036,0.28,7,0.34,,,,,,,,,0.003559,0.28,9.92,0.027837
2024-01-29,TikTok,tt_8001,Awareness_GenZ,ttad_9001,Dance_Challenge,289012,4234,556.7,43,,,,,,,,,,234567,182345,114567,77234,51234,10345,2789,656,0.01465,0.13,12.95,0.010156
2024-01-29,TikTok,tt_8002,Conversion_Focus,ttad_9002,Product_Demo,156789,3012,812.3,82,,,,,,,,,,109876,81234,54678,41234,27567,5456,1567,289,0.019211,0.27,9.91,0.027224
2024-01-29,TikTok,tt_8003,Traffic_Campaign,ttad_9003,Trending_Sounds,245678,3890,467.8,34,,,,,,,,,,195678,148234,117234,75234,45789,8567,2345,567,0.015834,0.12,13.76,0.00874
2024-01-29,TikTok,tt_8004,Influencer_Collab,ttad_9004,Creator_Partnership,423456,6890,1056.8,107,,,,,,,,,,356789,289234,231456,164567,109234,18890,5456,1489,0.016271,0.15,9.88,0.01553
2024-01-30,Facebook,fb_1001,Brand_Awareness_Q1,fbset_2001,Broad_Audience_18-35,49234,1001,142.8,16,9012,0.0203,41567,1.18,,,,,,,,,,,,,,0.020331,0.14,8.93,0.015984
2024-01-30,Facebook,fb_1002,Conversions_Retargeting,fbset_2002,Cart_Abandoners,14123,645,236.9,41,1423,0.0457,11123,1.27,,,,,,,,,,,,,,0.04567,0.37,5.78,0.063566
2024-01-30,Facebook,fb_1003,Traffic_Drive_Jan,fbset_2003,Lookalike_Purchasers,37890,1412,216.5,30,4956,0.0373,30890,1.23,,,,,,,,,,,,,,0.037266,0.15,7.22,0.021246
2024-01-30,Facebook,fb_1004,Video_Views_Campaign,fbset_2004,Video_Enthusiasts,72123,261,91.3,7,48567,0.0036,58890,1.22,,,,,,,,,,,,,,0.003619,0.35,13.04,0.02682
2024-01-30,Google,g_5001,Search_Brand_Terms,gad_6001,Brand_Exact,25456,1334,254.6,50,,,,,2500.0,0.0524,0.19,9,0.92,,,,,,,,,0.052404,0.19,5.09,0.037481
2024-01-30,Google,g_5002,Search_Generic_Terms,gad_6002,Product_Broad,45890,912,587.7,24,,,,,1200.0,0.0199,0.64,7,0.45,,,,,,,,,0.019874,0.64,24.49,0.026316
2024-01-30,Google,g_5003,Shopping_All_Products,gad_6003,Best_Sellers,70234,2367,432.1,68,,,,,3400.0,0.0337,0.18,8,0.67,,,,,,,,,0.033702,0.18,6.35,0.028728
2024-01-30,Google,g_5004,Display_Remarketing,gad_6004,Cart_Abandoners,133456,478,131.2,14,,,,,700.0,0.0036,0.27,7,0.35,,,,,,,,,0.003582,0.27,9.37,0.029289
2024-01-30,TikTok,tt_8001,Awareness_GenZ,ttad_9001,Dance_Challenge,295678,4345,573.2,44,,,,,,,,,,241234,188234,117890,79234,52789,10567,2856,667,0.014695,0.13,13.03,0.010127
2024-01-30,TikTok,tt_8002,Conversion_Focus,ttad_9002,Product_Demo,161234,3089,823.7,83,,,,,,,,,,113456,83567,56234,42345,28234,5523,1589,301,0.019158,0.27,9.92,0.02687
2024-01-30,TikTok,tt_8003,Traffic_Campaign,ttad_9003,Trending_Sounds,251234,3967,481.5,35,,,,,,,,,,198901,150567,119234,76890,46567,8678,2378,556,0.01579,0.12,13.76,0.008823
2024-01-30,TikTok,tt_8004,Influencer_Collab,ttad_9004,Creator_Partnership,434567,7012,1089.3,109,,,,,,,,,,367890,296234,237890,168234,111234,19234,5534,1523,0.016136,0.16,9.99,0.015545
